"RootFolder","File","RelativePath","DateTime","DeleteFlag","animal","empty","person","vehicle","Species","Unidentifiable","Dark","No_Adults_Seq","No_Juv_Seq","Date","Individual","time_diff","keep_row","Trap","camtype"
"Imagestoclassify","PS19__CamB__2022-12-05__14-51-43(1).JPG","BrendanAltingMLDP2023Images\PS19\CamB",2022-12-05 14:51:43,"false","true","false","false","false","Dingo","false","false",1,0,2022-12-05,"MBF1701",0,TRUE,"PS19","Trail"
"Imagestoclassify","PS19__CamB__2022-12-05__19-50-11(1).JPG","BrendanAltingMLDP2023Images\PS19\CamB",2022-12-05 19:50:11,"false","true","false","false","false","Dingo","false","false",1,0,2022-12-05,"UOM2007",0,TRUE,"PS19","Trail"
"Imagestoclassify","PS16__CamB__2022-12-05__23-58-26(1).JPG","BrendanAltingMLDP2023Images\PS16\CamB",2022-12-05 23:58:26,"false","true","false","false","false","Dingo","false","true",1,0,2022-12-05,"YGM2102",0,TRUE,"PS16","Trail"
"Imagestoclassify","Q36__2018-01-02__19-33-49(1).JPG","BrendanAltingMLDP2023Images\Q36",2022-12-08 05:47:49,"false","false","false","false","false","Dingo","false","false",1,0,2022-12-08,"YGM2102",193744,TRUE,"Q36","Baited"
"Imagestoclassify","PS21__CamB__2022-12-08__07-02-18(1).JPG","BrendanAltingMLDP2023Images\PS21\CamB",2022-12-08 07:02:18,"false","true","false","false","false","Dingo","false","false",1,0,2022-12-08,"MBF1701",231032,TRUE,"PS21","Trail"
"Imagestoclassify","Q2__2022-12-08__11-29-01(1).JPG","BrendanAltingMLDP2023Images\Q2",2022-12-08 11:29:01,"false","false","false","false","false","Dingo","false","false",1,0,2022-12-08,"UOF2101",0,TRUE,"Q2","Baited"
"Imagestoclassify","Q2__2022-12-08__12-49-58(1).JPG","BrendanAltingMLDP2023Images\Q2",2022-12-08 12:49:58,"false","false","false","false","false","Dingo","false","false",1,0,2022-12-08,"UOF2101",4697,TRUE,"Q2","Baited"
"Imagestoclassify","PS21__CamB__2022-12-08__17-15-22(1).JPG","BrendanAltingMLDP2023Images\PS21\CamB",2022-12-08 17:15:22,"false","true","false","false","false","Dingo","false","false",2,1,2022-12-08,"MBF1701",36755,TRUE,"PS21","Trail"
"Imagestoclassify","PS21__CamB__2022-12-08__17-33-26(1).JPG","BrendanAltingMLDP2023Images\PS21\CamB",2022-12-08 17:33:26,"false","true","false","false","false","Dingo","false","false",2,1,2022-12-08,"UOM2007",250957,TRUE,"PS21","Trail"
"Imagestoclassify","PS1__CamA__2022-12-08__18-15-24(1).JPG","BrendanAltingMLDP2023Images\PS1\CamA",2022-12-08 18:15:24,"false","true","false","false","false","Dingo","false","false",1,0,2022-12-08,"UOF2101",19514,TRUE,"PS1","Trail"
"Imagestoclassify","PS21__CamA__2022-12-10__06-20-14(1).JPG","BrendanAltingMLDP2023Images\PS21\CamA",2022-12-10 06:20:14,"false","true","false","false","false","Dingo","false","true",1,0,2022-12-10,"MBF1701",133491,TRUE,"PS21","Trail"
"Imagestoclassify","PS21__CamA__2022-12-10__06-42-16(1).JPG","BrendanAltingMLDP2023Images\PS21\CamA",2022-12-10 06:42:16,"false","true","false","false","false","Dingo","false","true",1,0,2022-12-10,"UOM2007",133639,TRUE,"PS21","Trail"
"Imagestoclassify","PS21__CamB__2022-12-10__16-35-21(1).JPG","BrendanAltingMLDP2023Images\PS21\CamB",2022-12-10 16:35:21,"false","true","false","false","false","Dingo","false","false",1,0,2022-12-10,"MBF1701",36883,TRUE,"PS21","Trail"
"Imagestoclassify","PS2__CamA__2022-12-10__19-54-50(1).JPG","BrendanAltingMLDP2023Images\PS2\CamA",2022-12-10 19:54:50,"false","true","false","false","false","Dingo","false","false",2,0,2022-12-10,"UOF1906",0,TRUE,"PS2","Trail"
"Imagestoclassify","PS6__CamB__2022-12-12__13-13-56(1).JPG","BrendanAltingMLDP2023Images\PS6\CamB",2022-12-12 13:13:56,"false","true","false","false","false","Dingo","false","false",3,4,2022-12-12,"SLF1501",0,TRUE,"PS6","Trail"
"Imagestoclassify","PS6__CamB__2022-12-12__13-13-59(6).JPG","BrendanAltingMLDP2023Images\PS6\CamB",2022-12-12 13:13:59,"false","true","false","false","false","Dingo","false","false",3,4,2022-12-12,"UOM2002",0,TRUE,"PS6","Trail"
"Imagestoclassify","PS6__CamA__2022-12-12__13-40-24(1).JPG","BrendanAltingMLDP2023Images\PS6\CamA",2022-12-12 13:40:24,"false","true","false","false","false","Dingo","false","false",1,4,2022-12-12,"SLF2105",0,TRUE,"PS6","Trail"
"Imagestoclassify","PS21__CamB__2022-12-12__15-19-08(1).JPG","BrendanAltingMLDP2023Images\PS21\CamB",2022-12-12 15:19:08,"false","true","false","false","false","Dingo","false","false",1,0,2022-12-12,"MBF1701",168225,TRUE,"PS21","Trail"
"Imagestoclassify","PS27__CamB__2022-12-13__05-44-14(1).JPG","BrendanAltingMLDP2023Images\PS27\CamB",2022-12-13 05:44:14,"false","true","false","false","false","Dingo","false","false",1,0,2022-12-13,"UOM2007",255678,TRUE,"PS27","Trail"
"Imagestoclassify","PS1__CamA__2022-12-13__09-14-41(1).JPG","BrendanAltingMLDP2023Images\PS1\CamA",2022-12-13 09:14:41,"false","true","false","false","false","Dingo","false","false",2,0,2022-12-13,"UOM2004",0,TRUE,"PS1","Trail"
"Imagestoclassify","PS1__CamA__2022-12-13__09-15-04(1).JPG","BrendanAltingMLDP2023Images\PS1\CamA",2022-12-13 09:15:04,"false","true","false","false","false","Dingo","false","false",2,0,2022-12-13,"UOF1709",0,TRUE,"PS1","Trail"
"Imagestoclassify","PS1__CamA__2022-12-13__17-36-47(1).JPG","BrendanAltingMLDP2023Images\PS1\CamA",2022-12-13 17:36:47,"false","true","false","false","false","Dingo","false","false",2,0,2022-12-13,"UOF1709",30081,TRUE,"PS1","Trail"
"Imagestoclassify","PS1__CamA__2022-12-13__17-37-00(1).JPG","BrendanAltingMLDP2023Images\PS1\CamA",2022-12-13 17:37:00,"false","true","false","false","false","Dingo","false","false",2,0,2022-12-13,"UOM2004",30119,TRUE,"PS1","Trail"
"Imagestoclassify","PS19__CamB__2022-12-13__17-57-58(1).JPG","BrendanAltingMLDP2023Images\PS19\CamB",2022-12-13 17:57:58,"false","true","false","false","false","Dingo","false","false",1,0,2022-12-13,"MBF1701",95929,TRUE,"PS19","Trail"
"Imagestoclassify","Q6__2022-12-14__04-54-10(1).JPG","BrendanAltingMLDP2023Images\Q6",2022-12-14 04:54:10,"false","false","false","false","false","Dingo","false","false",1,0,2022-12-14,"UOM2002",142411,TRUE,"Q6","Baited"
"Imagestoclassify","PS2__CamB__2022-12-14__06-17-47(1).JPG","BrendanAltingMLDP2023Images\PS2\CamB",2022-12-14 06:17:47,"false","true","false","false","false","Dingo","false","false",1,0,2022-12-14,"UOM1707",0,TRUE,"PS2","Trail"
"Imagestoclassify","Q2__2022-12-14__10-23-33(1).JPG","BrendanAltingMLDP2023Images\Q2",2022-12-14 10:23:33,"false","false","false","false","false","Dingo","false","false",1,0,2022-12-14,"UOF2101",490081,TRUE,"Q2","Baited"
"Imagestoclassify","PS3__CamA__2022-12-14__12-21-52(1).JPG","BrendanAltingMLDP2023Images\PS3\CamA",2022-12-14 12:21:52,"false","true","false","false","false","Dingo","false","false",1,0,2022-12-14,"WTU2105",0,TRUE,"PS3","Trail"
"Imagestoclassify","PS2__CamB__2022-12-14__14-54-05(1).JPG","BrendanAltingMLDP2023Images\PS2\CamB",2022-12-14 14:54:05,"false","true","false","false","false","Dingo","false","false",1,0,2022-12-14,"WTU2105",9126,TRUE,"PS2","Trail"
"Imagestoclassify","PS5__CamB__2022-12-16__05-52-28(7).JPG","BrendanAltingMLDP2023Images\PS5\CamB",2022-12-16 05:52:28,"false","true","false","false","false","Dingo","false","false",2,3,2022-12-16,"SLF1501",318337,TRUE,"PS5","Trail"
"Imagestoclassify","PS5__CamB__2022-12-16__05-52-44(13).JPG","BrendanAltingMLDP2023Images\PS5\CamB",2022-12-16 05:52:44,"false","true","false","false","false","Dingo","false","false",2,3,2022-12-16,"UOM2002",176299,TRUE,"PS5","Trail"
"Imagestoclassify","PS3__CamA__2022-12-16__09-37-27(1).JPG","BrendanAltingMLDP2023Images\PS3\CamA",2022-12-16 09:37:27,"false","true","false","false","false","Dingo","false","false",2,2,2022-12-16,"UOM2002",13461,TRUE,"PS3","Trail"
"Imagestoclassify","PS3__CamA__2022-12-16__09-37-29(4).JPG","BrendanAltingMLDP2023Images\PS3\CamA",2022-12-16 09:37:29,"false","true","false","false","false","Dingo","false","false",2,2,2022-12-16,"SLF1501",13478,TRUE,"PS3","Trail"
"Imagestoclassify","PS19__CamB__2022-12-16__13-45-55(1).JPG","BrendanAltingMLDP2023Images\PS19\CamB",2022-12-16 13:45:55,"false","true","false","false","false","Dingo","false","false",1,0,2022-12-16,"MBF1701",244039,TRUE,"PS19","Trail"
"Imagestoclassify","PS2__CamB__2022-12-16__18-01-01(1).JPG","BrendanAltingMLDP2023Images\PS2\CamB",2022-12-16 18:01:01,"false","true","false","false","false","Dingo","false","false",1,0,2022-12-16,"WTU2104",0,TRUE,"PS2","Trail"
"Imagestoclassify","Q4__2022-12-16__19-55-51(1).JPG","BrendanAltingMLDP2023Images\Q4",2022-12-16 19:55:51,"false","false","false","false","false","Dingo","false","false",1,0,2022-12-16,"UOF1906",518453,TRUE,"Q4","Baited"
"Imagestoclassify","PS3__CamA__2022-12-16__19-57-39(4).JPG","BrendanAltingMLDP2023Images\PS3\CamA",2022-12-16 19:57:39,"false","true","false","false","false","Dingo","false","false",2,1,2022-12-16,"UOM1707",221932,TRUE,"PS3","Trail"
"Imagestoclassify","PS19__CamB__2022-12-17__10-49-02(1).JPG","BrendanAltingMLDP2023Images\PS19\CamB",2022-12-17 10:49:02,"false","true","false","false","false","Dingo","false","false",1,0,2022-12-17,"UOM2007",363835,TRUE,"PS19","Trail"
"Imagestoclassify","PS21__CamA__2022-12-18__07-36-13(1).JPG","BrendanAltingMLDP2023Images\PS21\CamA",2022-12-18 07:36:13,"false","true","false","false","false","Dingo","false","false",1,0,2022-12-18,"UOM2007",74794,TRUE,"PS21","Trail"
"Imagestoclassify","Q2__2022-12-18__10-39-19(1).JPG","BrendanAltingMLDP2023Images\Q2",2022-12-18 10:39:19,"false","false","false","false","false","Dingo","false","false",1,0,2022-12-18,"UOF2101",346536,TRUE,"Q2","Baited"
"Imagestoclassify","Q3__2022-12-19__11-28-25(1).JPG","BrendanAltingMLDP2023Images\Q3",2022-12-19 11:28:25,"false","false","false","false","false","Dingo","false","false",0,1,2022-12-19,"UOF2102",0,TRUE,"Q3","Baited"
"Imagestoclassify","PS3__CamA__2022-12-19__19-08-28(1).JPG","BrendanAltingMLDP2023Images\PS3\CamA",2022-12-19 19:08:28,"false","true","false","false","false","Dingo","false","false",1,0,2022-12-19,"UOM1707",256246,TRUE,"PS3","Trail"
"Imagestoclassify","PS14__CamB__2022-12-20__06-57-58(1).JPG","BrendanAltingMLDP2023Images\PS14\CamB",2022-12-20 06:57:58,"false","true","false","false","false","Dingo","false","false",2,0,2022-12-20,"UOF1801",0,TRUE,"PS14","Trail"
"Imagestoclassify","PS14__CamB__2022-12-20__06-58-04(2).JPG","BrendanAltingMLDP2023Images\PS14\CamB",2022-12-20 06:58:04,"false","true","false","false","false","Dingo","false","false",2,0,2022-12-20,"UOM2001",0,TRUE,"PS14","Trail"
"Imagestoclassify","PS3__CamA__2022-12-21__06-39-27(1).JPG","BrendanAltingMLDP2023Images\PS3\CamA",2022-12-21 06:39:27,"false","true","false","false","false","Dingo","false","false",1,4,2022-12-21,"UOM1707",127851,TRUE,"PS3","Trail"
"Imagestoclassify","PS6__CamB__2022-12-21__06-42-24(1).JPG","BrendanAltingMLDP2023Images\PS6\CamB",2022-12-21 06:42:24,"false","true","false","false","false","Dingo","false","false",1,0,2022-12-21,"UOM2002",421494,TRUE,"PS6","Trail"
"Imagestoclassify","PS6__CamB__2022-12-21__07-15-24(1).JPG","BrendanAltingMLDP2023Images\PS6\CamB",2022-12-21 07:15:24,"false","true","false","false","false","Dingo","false","false",1,0,2022-12-21,"SLF1501",423472,TRUE,"PS6","Trail"
"Imagestoclassify","PS14__CamB__2022-12-21__07-20-45(1).JPG","BrendanAltingMLDP2023Images\PS14\CamB",2022-12-21 07:20:45,"false","true","false","false","false","Dingo","false","false",1,0,2022-12-21,"YGM2102",1128520,TRUE,"PS14","Trail"
"Imagestoclassify","Q2__2022-12-21__08-28-17(1).JPG","BrendanAltingMLDP2023Images\Q2",2022-12-21 08:28:17,"false","false","false","false","false","Dingo","false","false",1,0,2022-12-21,"UOF2101",251337,TRUE,"Q2","Baited"
"Imagestoclassify","PS6__CamB__2022-12-21__08-29-32(1).JPG","BrendanAltingMLDP2023Images\PS6\CamB",2022-12-21 08:29:32,"false","true","false","false","false","Dingo","false","false",1,0,2022-12-21,"UOM2002",6405,TRUE,"PS6","Trail"
"Imagestoclassify","PS6__CamB__2022-12-21__08-49-56(1).JPG","BrendanAltingMLDP2023Images\PS6\CamB",2022-12-21 08:49:56,"false","true","false","false","false","Dingo","false","false",1,0,2022-12-21,"UOM2002",1190,TRUE,"PS6","Trail"
"Imagestoclassify","PS1__CamA__2022-12-21__15-31-44(1).JPG","BrendanAltingMLDP2023Images\PS1\CamA",2022-12-21 15:31:44,"false","true","false","false","false","Dingo","false","false",2,0,2022-12-21,"UOM2004",683671,TRUE,"PS1","Trail"
"Imagestoclassify","PS1__CamA__2022-12-21__15-31-51(10).JPG","BrendanAltingMLDP2023Images\PS1\CamA",2022-12-21 15:31:51,"false","true","false","false","false","Dingo","false","false",2,0,2022-12-21,"UOF1709",683701,TRUE,"PS1","Trail"
"Imagestoclassify","PS19__CamB__2022-12-21__19-06-08(1).JPG","BrendanAltingMLDP2023Images\PS19\CamB",2022-12-21 19:06:08,"false","true","false","false","false","Dingo","false","false",1,0,2022-12-21,"MBF1701",451210,TRUE,"PS19","Trail"
"Imagestoclassify","PS19__CamB__2022-12-21__19-28-31(1).JPG","BrendanAltingMLDP2023Images\PS19\CamB",2022-12-21 19:28:31,"false","true","false","false","false","Dingo","false","false",1,0,2022-12-21,"UOM2007",301908,TRUE,"PS19","Trail"
"Imagestoclassify","Q5__2022-12-22__01-15-28(1).JPG","BrendanAltingMLDP2023Images\Q5",2022-12-22 01:15:28,"false","false","false","false","false","Dingo","false","false",1,0,2022-12-22,"UOM2002",59110,TRUE,"Q5","Baited"
"Imagestoclassify","PS19__CamB__2022-12-22__06-33-49(1).JPG","BrendanAltingMLDP2023Images\PS19\CamB",2022-12-22 06:33:49,"false","true","false","false","false","Dingo","false","false",1,0,2022-12-22,"MBF1701",41240,TRUE,"PS19","Trail"
"Imagestoclassify","Q2__2022-12-22__09-45-18(1).JPG","BrendanAltingMLDP2023Images\Q2",2022-12-22 09:45:18,"false","false","false","false","false","Dingo","false","false",1,0,2022-12-22,"UOF2101",91004,TRUE,"Q2","Baited"
"Imagestoclassify","PS21__CamB__2022-12-22__13-03-12(1).JPG","BrendanAltingMLDP2023Images\PS21\CamB",2022-12-22 13:03:12,"false","true","false","false","false","Dingo","false","false",1,0,2022-12-22,"MBF1701",23341,TRUE,"PS21","Trail"
"Imagestoclassify","PS14__CamA__2022-12-23__06-28-57(1).JPG","BrendanAltingMLDP2023Images\PS14\CamA",2022-12-23 06:28:57,"false","true","false","false","false","Dingo","false","false",1,0,2022-12-23,"UOM2001",257440,TRUE,"PS14","Trail"
"Imagestoclassify","PS19__CamB__2022-12-23__07-06-56(1).JPG","BrendanAltingMLDP2023Images\PS19\CamB",2022-12-23 07:06:56,"false","true","false","false","false","Dingo","false","false",1,0,2022-12-23,"UOM2007",128267,TRUE,"PS19","Trail"
"Imagestoclassify","PS14__CamB__2022-12-23__08-21-03(1).JPG","BrendanAltingMLDP2023Images\PS14\CamB",2022-12-23 08:21:03,"false","true","false","false","false","Dingo","false","false",1,0,2022-12-23,"UOF1801",264174,TRUE,"PS14","Trail"
"Imagestoclassify","PS2__CamB__2022-12-23__09-23-45(1).JPG","BrendanAltingMLDP2023Images\PS2\CamB",2022-12-23 09:23:45,"false","true","false","false","false","Dingo","false","false",2,0,2022-12-23,"WTU2104",573763,TRUE,"PS2","Trail"
"Imagestoclassify","PS2__CamB__2022-12-23__09-23-46(3).JPG","BrendanAltingMLDP2023Images\PS2\CamB",2022-12-23 09:23:46,"false","true","false","false","false","Dingo","false","false",2,0,2022-12-23,"UOF2009",0,TRUE,"PS2","Trail"
"Imagestoclassify","Q8__2022-12-24__05-16-50(1).JPG","BrendanAltingMLDP2023Images\Q8",2022-12-24 05:16:50,"false","false","false","false","false","Dingo","false","false",0,0,2022-12-24,"UOM2002",187275,TRUE,"Q8","Baited"
"Imagestoclassify","PS21__CamA__2022-12-24__07-32-19(1).JPG","BrendanAltingMLDP2023Images\PS21\CamA",2022-12-24 07:32:19,"false","true","false","false","false","Dingo","false","false",1,0,2022-12-24,"UOM2007",87885,TRUE,"PS21","Trail"
"Imagestoclassify","PS3__CamA__2022-12-24__19-37-37(1).JPG","BrendanAltingMLDP2023Images\PS3\CamA",2022-12-24 19:37:37,"false","true","false","false","false","Dingo","false","false",2,0,2022-12-24,"UOF1906",690001,TRUE,"PS3","Trail"
"Imagestoclassify","PS3__CamA__2022-12-24__19-38-02(1).JPG","BrendanAltingMLDP2023Images\PS3\CamA",2022-12-24 19:38:02,"false","true","false","false","false","Dingo","false","false",2,0,2022-12-24,"UOM1707",305909,TRUE,"PS3","Trail"
"Imagestoclassify","PS19__CamB__2022-12-25__06-09-07(1).JPG","BrendanAltingMLDP2023Images\PS19\CamB",2022-12-25 06:09:07,"false","true","false","false","false","Dingo","false","false",1,0,2022-12-25,"UOM2007",81382,TRUE,"PS19","Trail"
"Imagestoclassify","PS1__CamA__2022-12-25__09-07-57(1).JPG","BrendanAltingMLDP2023Images\PS1\CamA",2022-12-25 09:07:57,"false","true","false","false","false","Dingo","false","true",2,0,2022-12-25,"UOM2004",322554,TRUE,"PS1","Trail"
"Imagestoclassify","PS1__CamA__2022-12-25__09-09-31(1).JPG","BrendanAltingMLDP2023Images\PS1\CamA",2022-12-25 09:09:31,"false","true","false","false","false","Dingo","false","true",2,0,2022-12-25,"UOF1709",322640,TRUE,"PS1","Trail"
"Imagestoclassify","PS1__CamA__2022-12-25__10-05-31(1).JPG","BrendanAltingMLDP2023Images\PS1\CamA",2022-12-25 10:05:31,"false","true","false","false","false","Dingo","false","false",2,0,2022-12-25,"UOM2004",3439,TRUE,"PS1","Trail"
"Imagestoclassify","PS1__CamA__2022-12-25__10-05-46(7).JPG","BrendanAltingMLDP2023Images\PS1\CamA",2022-12-25 10:05:46,"false","true","false","false","false","Dingo","false","false",2,0,2022-12-25,"UOF1709",3355,TRUE,"PS1","Trail"
"Imagestoclassify","PS21__CamB__2022-12-26__08-09-05(1).JPG","BrendanAltingMLDP2023Images\PS21\CamB",2022-12-26 08:09:05,"false","true","false","false","false","Dingo","false","false",1,0,2022-12-26,"UOM2007",93559,TRUE,"PS21","Trail"
"Imagestoclassify","PS17__CamA__2022-12-26__08-43-29(4).JPG","BrendanAltingMLDP2023Images\PS17\CamA",2022-12-26 08:43:29,"false","true","false","false","false","Dingo","false","false",1,0,2022-12-26,"YGM2102",436951,TRUE,"PS17","Trail"
"Imagestoclassify","PS17__CamB__2022-12-26__08-44-03(1).JPG","BrendanAltingMLDP2023Images\PS17\CamB",2022-12-26 08:44:03,"false","true","false","false","false","Dingo","false","false",2,0,2022-12-26,"MBF1701",330049,TRUE,"PS17","Trail"
"Imagestoclassify","PS2__CamA__2022-12-26__20-11-17(2).JPG","BrendanAltingMLDP2023Images\PS2\CamA",2022-12-26 20:11:17,"false","true","false","false","false","Dingo","false","false",1,0,2022-12-26,"UOM1707",174793,TRUE,"PS2","Trail"
"Imagestoclassify","PS25__CamA__2022-12-27__06-36-26(1).JPG","BrendanAltingMLDP2023Images\PS25\CamA",2022-12-27 06:36:26,"false","true","false","false","false","Dingo","false","false",1,0,2022-12-27,"UOM2001",346023,TRUE,"PS25","Trail"
"Imagestoclassify","PS25__CamB__2022-12-27__06-36-31(1).JPG","BrendanAltingMLDP2023Images\PS25\CamB",2022-12-27 06:36:31,"false","true","false","false","false","Dingo","false","false",2,0,2022-12-27,"UOF1801",339315,TRUE,"PS25","Trail"
"Imagestoclassify","PS1__CamA__2022-12-27__06-45-51(1).JPG","BrendanAltingMLDP2023Images\PS1\CamA",2022-12-27 06:45:51,"false","true","false","false","false","Dingo","false","false",2,0,2022-12-27,"UOF1709",160790,TRUE,"PS1","Trail"
"Imagestoclassify","PS1__CamA__2022-12-27__06-54-44(1).JPG","BrendanAltingMLDP2023Images\PS1\CamA",2022-12-27 06:54:44,"false","true","false","false","false","Dingo","false","false",2,0,2022-12-27,"UOM2004",161338,TRUE,"PS1","Trail"
"Imagestoclassify","Q1__2022-12-27__19-33-15(1).JPG","BrendanAltingMLDP2023Images\Q1",2022-12-27 19:33:15,"false","false","false","false","false","Dingo","false","false",1,0,2022-12-27,"UOM2008",0,TRUE,"Q1","Baited"
"Imagestoclassify","PS1__CamA__2022-12-28__15-12-38(1).JPG","BrendanAltingMLDP2023Images\PS1\CamA",2022-12-28 15:12:38,"false","true","false","false","false","Dingo","false","false",1,0,2022-12-28,"UOF2101",538040,TRUE,"PS1","Trail"
"Imagestoclassify","PS19__CamB__2022-12-30__19-39-41(1).JPG","BrendanAltingMLDP2023Images\PS19\CamB",2022-12-30 19:39:41,"false","true","false","false","false","Dingo","false","false",1,0,2022-12-30,"UOM2007",387034,TRUE,"PS19","Trail"
"Imagestoclassify","PS25__CamB__2022-12-31__06-00-54(1).JPG","BrendanAltingMLDP2023Images\PS25\CamB",2022-12-31 06:00:54,"false","true","false","false","false","Dingo","false","false",2,0,2022-12-31,"UOF1801",343462,TRUE,"PS25","Trail"
"Imagestoclassify","PS25__CamA__2022-12-31__06-00-56(1).JPG","BrendanAltingMLDP2023Images\PS25\CamA",2022-12-31 06:00:56,"false","true","false","false","false","Dingo","false","false",1,0,2022-12-31,"UOM2001",343454,TRUE,"PS25","Trail"
"Imagestoclassify","PS2__CamB__2022-12-31__14-19-52(1).JPG","BrendanAltingMLDP2023Images\PS2\CamB",2022-12-31 14:19:52,"false","true","false","false","false","Dingo","false","false",1,0,2022-12-31,"WTU2105",1466746,TRUE,"PS2","Trail"
"Imagestoclassify","PS14__CamB__2023-01-02__00-12-31(1).JPG","BrendanAltingMLDP2023Images\PS14\CamB",2023-01-02 00:12:31,"false","true","false","false","false","Dingo","false","true",1,0,2023-01-02,"YGM2102",574094,TRUE,"PS14","Trail"
"Imagestoclassify","PS12__CamB__2023-01-02__08-56-39(1).JPG","BrendanAltingMLDP2023Images\PS12\CamB",2023-01-02 08:56:39,"false","true","false","false","false","Dingo","false","false",2,0,2023-01-02,"UOM2001",183326,TRUE,"PS12","Trail"
"Imagestoclassify","PS12__CamB__2023-01-02__08-56-46(4).JPG","BrendanAltingMLDP2023Images\PS12\CamB",2023-01-02 08:56:46,"false","true","false","false","false","Dingo","false","false",2,0,2023-01-02,"UOF1801",183350,TRUE,"PS12","Trail"
"Imagestoclassify","PS21__CamA__2023-01-03__06-15-41(1).JPG","BrendanAltingMLDP2023Images\PS21\CamA",2023-01-03 06:15:41,"false","true","false","false","false","Dingo","false","false",1,0,2023-01-03,"UOM2007",297322,TRUE,"PS21","Trail"
"Imagestoclassify","PS21__CamA__2023-01-05__12-58-39(1).JPG","BrendanAltingMLDP2023Images\PS21\CamA",2023-01-05 12:58:39,"false","true","false","false","false","Dingo","false","false",1,0,2023-01-05,"UOM2007",196949,TRUE,"PS21","Trail"
"Imagestoclassify","PS3__CamB__2023-01-05__17-18-20(1).JPG","BrendanAltingMLDP2023Images\PS3\CamB",2023-01-05 17:18:20,"false","true","false","false","false","Dingo","false","false",1,0,2023-01-05,"UOM1707",853620,TRUE,"PS3","Trail"
"Imagestoclassify","PS12__CamA__2023-01-07__06-43-13(1).JPG","BrendanAltingMLDP2023Images\PS12\CamA",2023-01-07 06:43:13,"false","true","false","false","false","Dingo","false","false",1,0,2023-01-07,"UOM2001",423994,TRUE,"PS12","Trail"
"Imagestoclassify","PS15__CamB__2023-01-07__11-22-10(1).JPG","BrendanAltingMLDP2023Images\PS15\CamB",2023-01-07 11:22:10,"false","true","false","false","false","Dingo","false","false",1,0,2023-01-07,"YGM2102",472178,TRUE,"PS15","Trail"
"Imagestoclassify","PS18__CamA__2023-01-07__12-58-34(1).JPG","BrendanAltingMLDP2023Images\PS18\CamA",2023-01-07 12:58:34,"false","true","false","false","false","Dingo","false","false",1,0,2023-01-07,"YGM2102",5652,TRUE,"PS18","Trail"
"Imagestoclassify","PS2__CamB__2023-01-07__14-53-13(1).JPG","BrendanAltingMLDP2023Images\PS2\CamB",2023-01-07 14:53:13,"false","true","false","false","false","Dingo","false","false",1,0,2023-01-07,"UOF2009",1315709,TRUE,"PS2","Trail"
"Imagestoclassify","PS1__CamA__2023-01-07__17-15-17(1).JPG","BrendanAltingMLDP2023Images\PS1\CamA",2023-01-07 17:15:17,"false","true","false","false","false","Dingo","false","false",2,0,2023-01-07,"UOF1709",987867,TRUE,"PS1","Trail"
"Imagestoclassify","PS1__CamA__2023-01-07__17-15-20(4).JPG","BrendanAltingMLDP2023Images\PS1\CamA",2023-01-07 17:15:20,"false","true","false","false","false","Dingo","false","false",2,0,2023-01-07,"UOM2004",987621,TRUE,"PS1","Trail"
"Imagestoclassify","PS21__CamA__2023-01-08__07-44-42(1).JPG","BrendanAltingMLDP2023Images\PS21\CamA",2023-01-08 07:44:42,"false","true","false","false","false","Dingo","false","false",2,3,2023-01-08,"UOM2007",240341,TRUE,"PS21","Trail"
"Imagestoclassify","PS21__CamA__2023-01-08__07-44-47(4).JPG","BrendanAltingMLDP2023Images\PS21\CamA",2023-01-08 07:44:47,"false","true","false","false","false","Dingo","false","false",2,3,2023-01-08,"MBF1701",1119643,TRUE,"PS21","Trail"
"Imagestoclassify","PS12__CamA__2023-01-08__19-40-16(1).JPG","BrendanAltingMLDP2023Images\PS12\CamA",2023-01-08 19:40:16,"false","true","false","false","false","Dingo","false","false",1,0,2023-01-08,"UOF1801",557010,TRUE,"PS12","Trail"
"Imagestoclassify","PS2__CamB__2023-01-10__19-40-49(1).JPG","BrendanAltingMLDP2023Images\PS2\CamB",2023-01-10 19:40:49,"false","true","false","false","false","Dingo","true","false",1,0,2023-01-10,"WTU2105",883256,TRUE,"PS2","Trail"
"Imagestoclassify","PS14__CamB__2023-01-11__00-34-47(1).JPG","BrendanAltingMLDP2023Images\PS14\CamB",2023-01-11 00:34:47,"false","true","false","false","false","Dingo","false","true",1,0,2023-01-11,"YGM2102",300937,TRUE,"PS14","Trail"
"Imagestoclassify","PS6__CamB__2023-01-11__17-59-36(1).JPG","BrendanAltingMLDP2023Images\PS6\CamB",2023-01-11 17:59:36,"false","true","false","false","false","Dingo","false","false",3,3,2023-01-11,"SLF1501",1853030,TRUE,"PS6","Trail"
"Imagestoclassify","PS6__CamB__2023-01-11__17-59-43(4).JPG","BrendanAltingMLDP2023Images\PS6\CamB",2023-01-11 17:59:43,"false","true","false","false","false","Dingo","false","false",3,3,2023-01-11,"UOM2002",1600951,TRUE,"PS6","Trail"
"Imagestoclassify","PS6__CamA__2023-01-11__18-00-28(1).JPG","BrendanAltingMLDP2023Images\PS6\CamA",2023-01-11 18:00:28,"false","true","false","false","false","Dingo","false","false",3,3,2023-01-11,"SLF2105",2607604,TRUE,"PS6","Trail"
"Imagestoclassify","PS2__CamA__2023-01-12__05-46-47(1).JPG","BrendanAltingMLDP2023Images\PS2\CamA",2023-01-12 05:46:47,"false","true","false","false","false","Dingo","false","true",1,0,2023-01-12,"WTU2105",122697,TRUE,"PS2","Trail"
"Imagestoclassify","PS3__CamA__2023-01-12__06-38-16(1).JPG","BrendanAltingMLDP2023Images\PS3\CamA",2023-01-12 06:38:16,"false","true","false","false","false","Dingo","false","false",2,3,2023-01-12,"UOF1906",1594836,TRUE,"PS3","Trail"
"Imagestoclassify","PS3__CamA__2023-01-12__17-45-13(1).JPG","BrendanAltingMLDP2023Images\PS3\CamA",2023-01-12 17:45:13,"false","true","false","false","false","Dingo","false","false",1,0,2023-01-12,"UOF1906",40014,TRUE,"PS3","Trail"
"Imagestoclassify","Q1__2023-01-13__18-16-10(1).JPG","BrendanAltingMLDP2023Images\Q1",2023-01-13 18:16:10,"false","false","false","false","false","Dingo","false","false",1,0,2023-01-13,"UOM2008",1464150,TRUE,"Q1","Baited"
"Imagestoclassify","PS21__CamA__2023-01-15__11-50-33(1).JPG","BrendanAltingMLDP2023Images\PS21\CamA",2023-01-15 11:50:33,"false","true","false","false","false","Dingo","false","false",1,0,2023-01-15,"MBF1701",619395,TRUE,"PS21","Trail"
"Imagestoclassify","PS21__CamA__2023-01-15__19-48-54(1).JPG","BrendanAltingMLDP2023Images\PS21\CamA",2023-01-15 19:48:54,"false","true","false","false","false","Dingo","false","false",1,0,2023-01-15,"UOM2007",648107,TRUE,"PS21","Trail"
"Imagestoclassify","PS3__CamA__2023-01-16__06-10-27(1).JPG","BrendanAltingMLDP2023Images\PS3\CamA",2023-01-16 06:10:27,"false","true","false","false","false","Dingo","false","false",2,2,2023-01-16,"UOF1906",303910,TRUE,"PS3","Trail"
"Imagestoclassify","PS3__CamA__2023-01-16__06-13-27(1).JPG","BrendanAltingMLDP2023Images\PS3\CamA",2023-01-16 06:13:27,"false","true","false","false","false","Dingo","false","false",2,2,2023-01-16,"UOM1707",910506,TRUE,"PS3","Trail"
"Imagestoclassify","PS23__CamB__2023-01-16__08-26-50(1).JPG","BrendanAltingMLDP2023Images\PS23\CamB",2023-01-16 08:26:50,"false","true","false","false","false","Dingo","false","false",3,3,2023-01-16,"SLF2105",397582,TRUE,"PS23","Trail"
"Imagestoclassify","PS23__CamB__2023-01-16__08-26-51(2).JPG","BrendanAltingMLDP2023Images\PS23\CamB",2023-01-16 08:26:51,"false","true","false","false","false","Dingo","false","false",3,3,2023-01-16,"UOM2002",396953,TRUE,"PS23","Trail"
"Imagestoclassify","PS23__CamB__2023-01-16__08-26-53(4).JPG","BrendanAltingMLDP2023Images\PS23\CamB",2023-01-16 08:26:53,"false","true","false","false","false","Dingo","false","false",3,3,2023-01-16,"SLF1501",397581,TRUE,"PS23","Trail"
"Imagestoclassify","PS11__CamB__2023-01-17__05-46-12(1).JPG","BrendanAltingMLDP2023Images\PS11\CamB",2023-01-17 05:46:12,"false","true","false","false","false","Dingo","false","false",2,0,2023-01-17,"UOM2001",860578,TRUE,"PS11","Trail"
"Imagestoclassify","PS11__CamB__2023-01-17__05-46-19(7).JPG","BrendanAltingMLDP2023Images\PS11\CamB",2023-01-17 05:46:19,"false","true","false","false","false","Dingo","false","false",2,0,2023-01-17,"UOF1801",727544,TRUE,"PS11","Trail"
"Imagestoclassify","PS27__CamA__2023-01-17__07-14-58(1).JPG","BrendanAltingMLDP2023Images\PS27\CamA",2023-01-17 07:14:58,"false","true","false","false","false","Dingo","false","false",1,0,2023-01-17,"UOM2012",0,TRUE,"PS27","Trail"
"Imagestoclassify","PS1__CamA__2023-01-17__19-25-49(1).JPG","BrendanAltingMLDP2023Images\PS1\CamA",2023-01-17 19:25:49,"false","true","false","false","false","Dingo","false","false",2,0,2023-01-17,"UOF1709",871830,TRUE,"PS1","Trail"
"Imagestoclassify","PS1__CamA__2023-01-17__19-25-53(4).JPG","BrendanAltingMLDP2023Images\PS1\CamA",2023-01-17 19:25:53,"false","true","false","false","false","Dingo","false","false",2,0,2023-01-17,"UOM2004",871822,TRUE,"PS1","Trail"
"Imagestoclassify","Q37__2023-01-18__19-47-21(1).JPG","BrendanAltingMLDP2023Images\Q37",2023-01-18 19:47:21,"false","false","false","false","false","Dingo","false","false",1,0,2023-01-18,"UOM2007",259086,TRUE,"Q37","Baited"
"Imagestoclassify","PS27__CamA__2023-01-19__15-43-59(1).JPG","BrendanAltingMLDP2023Images\PS27\CamA",2023-01-19 15:43:59,"false","true","false","false","false","Dingo","false","false",1,0,2023-01-19,"UOM2012",203340,TRUE,"PS27","Trail"
"Imagestoclassify","PS18__CamA__2023-01-19__16-21-50(1).JPG","BrendanAltingMLDP2023Images\PS18\CamA",2023-01-19 16:21:50,"false","true","false","false","false","Dingo","false","false",1,0,2023-01-19,"YGM2102",748023,TRUE,"PS18","Trail"
"Imagestoclassify","PS15__CamB__2023-01-19__19-08-28(1).JPG","BrendanAltingMLDP2023Images\PS15\CamB",2023-01-19 19:08:28,"false","true","false","false","false","Dingo","false","false",1,0,2023-01-19,"YGM2102",9966,TRUE,"PS15","Trail"
"Imagestoclassify","PS9__CamB__2023-01-20__06-53-09(1).JPG","BrendanAltingMLDP2023Images\PS9\CamB",2023-01-20 06:53:09,"false","true","false","false","false","Dingo","false","false",2,0,2023-01-20,"UOM2001",263214,TRUE,"PS9","Trail"
"Imagestoclassify","PS9__CamB__2023-01-20__06-53-20(7).JPG","BrendanAltingMLDP2023Images\PS9\CamB",2023-01-20 06:53:20,"false","true","false","false","false","Dingo","false","false",2,0,2023-01-20,"UOF1801",263217,TRUE,"PS9","Trail"
"Imagestoclassify","PS1__CamA__2023-01-21__10-48-29(1).JPG","BrendanAltingMLDP2023Images\PS1\CamA",2023-01-21 10:48:29,"false","true","false","false","false","Dingo","false","false",1,0,2023-01-21,"UOM2004",314546,TRUE,"PS1","Trail"
"Imagestoclassify","PS21__CamA__2023-01-21__11-02-24(1).JPG","BrendanAltingMLDP2023Images\PS21\CamA",2023-01-21 11:02:24,"false","true","false","false","false","Dingo","false","false",1,0,2023-01-21,"UOM2007",227686,TRUE,"PS21","Trail"
"Imagestoclassify","PS1__CamA__2023-01-22__06-40-45(1).JPG","BrendanAltingMLDP2023Images\PS1\CamA",2023-01-22 06:40:45,"false","true","false","false","false","Dingo","false","false",2,0,2023-01-22,"UOF1709",386086,TRUE,"PS1","Trail"
"Imagestoclassify","PS1__CamA__2023-01-22__06-40-46(3).JPG","BrendanAltingMLDP2023Images\PS1\CamA",2023-01-22 06:40:46,"false","true","false","false","false","Dingo","false","false",2,0,2023-01-22,"UOM2004",71493,TRUE,"PS1","Trail"
"Imagestoclassify","PS2__CamA__2023-01-22__20-08-35(1).JPG","BrendanAltingMLDP2023Images\PS2\CamA",2023-01-22 20:08:35,"false","true","false","false","false","Dingo","false","false",2,0,2023-01-22,"UOM1707",568507,TRUE,"PS2","Trail"
"Imagestoclassify","PS2__CamA__2023-01-22__20-08-38(4).JPG","BrendanAltingMLDP2023Images\PS2\CamA",2023-01-22 20:08:38,"false","true","false","false","false","Dingo","false","false",2,0,2023-01-22,"UOF1906",568690,TRUE,"PS2","Trail"
"Imagestoclassify","Q28__2021-01-23__12-44-49(1).JPG","BrendanAltingMLDP2023Images\Q28",2023-01-23 12:44:49,"false","false","false","false","false","Dingo","false","false",1,0,2023-01-23,"UOF1801",280282,TRUE,"Q28","Baited"
"Imagestoclassify","PS14__CamB__2023-01-23__13-30-58(1).JPG","BrendanAltingMLDP2023Images\PS14\CamB",2023-01-23 13:30:58,"false","true","false","false","false","Dingo","false","false",2,0,2023-01-23,"UOM2001",283043,TRUE,"PS14","Trail"
"Imagestoclassify","PS14__CamB__2023-01-23__13-31-05(7).JPG","BrendanAltingMLDP2023Images\PS14\CamB",2023-01-23 13:31:05,"false","true","false","false","false","Dingo","false","false",2,0,2023-01-23,"UOF1801",2775,TRUE,"PS14","Trail"
"Imagestoclassify","PS15__CamB__2023-01-24__06-37-20(1).JPG","BrendanAltingMLDP2023Images\PS15\CamB",2023-01-24 06:37:20,"false","true","false","false","false","Dingo","false","false",1,0,2023-01-24,"UOM2007",243274,TRUE,"PS15","Trail"
"Imagestoclassify","PS11__CamB__2023-01-24__07-00-29(1).JPG","BrendanAltingMLDP2023Images\PS11\CamB",2023-01-24 07:00:29,"false","true","false","false","false","Dingo","false","false",2,0,2023-01-24,"UOF1801",62951,TRUE,"PS11","Trail"
"Imagestoclassify","PS11__CamB__2023-01-24__07-00-34(7).JPG","BrendanAltingMLDP2023Images\PS11\CamB",2023-01-24 07:00:34,"false","true","false","false","false","Dingo","false","false",2,0,2023-01-24,"UOM2001",62964,TRUE,"PS11","Trail"
"Imagestoclassify","PS15__CamB__2023-01-24__08-17-59(1).JPG","BrendanAltingMLDP2023Images\PS15\CamB",2023-01-24 08:17:59,"false","true","false","false","false","Dingo","false","false",1,0,2023-01-24,"MBF1701",764825,TRUE,"PS15","Trail"
"Imagestoclassify","PS11__CamB__2023-01-24__17-42-28(1).JPG","BrendanAltingMLDP2023Images\PS11\CamB",2023-01-24 17:42:28,"false","true","false","false","false","Dingo","false","false",2,0,2023-01-24,"UOM2001",38512,TRUE,"PS11","Trail"
"Imagestoclassify","PS11__CamB__2023-01-24__17-42-38(4).JPG","BrendanAltingMLDP2023Images\PS11\CamB",2023-01-24 17:42:38,"false","true","false","false","false","Dingo","false","false",2,0,2023-01-24,"UOF1801",38472,TRUE,"PS11","Trail"
"Imagestoclassify","Q2__2023-01-24__18-33-03(1).JPG","BrendanAltingMLDP2023Images\Q2",2023-01-24 18:33:03,"false","false","false","false","false","Dingo","false","false",1,0,2023-01-24,"UOF2101",2344813,TRUE,"Q2","Baited"
"Imagestoclassify","Q2__2023-01-25__11-02-26(1).JPG","BrendanAltingMLDP2023Images\Q2",2023-01-25 11:02:26,"false","false","false","false","false","Dingo","false","false",1,0,2023-01-25,"UOF2101",59356,TRUE,"Q2","Baited"
"Imagestoclassify","Q13__2023-01-25__11-04-42(1).JPG","BrendanAltingMLDP2023Images\Q13",2023-01-25 11:04:42,"false","false","false","false","false","Dingo","false","false",1,0,2023-01-25,"UOM2002",787052,TRUE,"Q13","Baited"
"Imagestoclassify","Q6__2023-01-25__13-22-25(1).JPG","BrendanAltingMLDP2023Images\Q6",2023-01-25 13:22:25,"false","false","false","false","false","Dingo","false","false",1,0,2023-01-25,"UOF2009",1549694,TRUE,"Q6","Baited"
"Imagestoclassify","PS3__CamB__2023-01-25__19-39-21(1).JPG","BrendanAltingMLDP2023Images\PS3\CamB",2023-01-25 19:39:21,"false","true","false","false","false","Dingo","false","false",2,0,2023-01-25,"UOF1906",257442,TRUE,"PS3","Trail"
"Imagestoclassify","PS3__CamA__2023-01-25__19-39-22(1).JPG","BrendanAltingMLDP2023Images\PS3\CamA",2023-01-25 19:39:22,"false","true","false","false","false","Dingo","false","false",2,0,2023-01-25,"UOM1707",257445,TRUE,"PS3","Trail"
"Imagestoclassify","PS21__CamA__2023-01-26__09-03-10(1).JPG","BrendanAltingMLDP2023Images\PS21\CamA",2023-01-26 09:03:10,"false","true","false","false","false","Dingo","false","false",2,0,2023-01-26,"MBF1701",175483,TRUE,"PS21","Trail"
"Imagestoclassify","PS21__CamA__2023-01-26__09-03-17(7).JPG","BrendanAltingMLDP2023Images\PS21\CamA",2023-01-26 09:03:17,"false","true","false","false","false","Dingo","false","false",2,0,2023-01-26,"UOM2007",181531,TRUE,"PS21","Trail"
"Imagestoclassify","Q2__2023-01-26__12-03-22(1).JPG","BrendanAltingMLDP2023Images\Q2",2023-01-26 12:03:22,"false","false","false","false","false","Dingo","false","false",1,0,2023-01-26,"UOF2101",90048,TRUE,"Q2","Baited"
"Imagestoclassify","PS3__CamA__2023-01-27__06-18-52(1).JPG","BrendanAltingMLDP2023Images\PS3\CamA",2023-01-27 06:18:52,"false","true","false","false","false","Dingo","false","false",2,2,2023-01-27,"UOM1707",124770,TRUE,"PS3","Trail"
"Imagestoclassify","PS3__CamA__2023-01-27__06-19-08(5).JPG","BrendanAltingMLDP2023Images\PS3\CamA",2023-01-27 06:19:08,"false","true","false","false","false","Dingo","false","false",2,2,2023-01-27,"WTU2104",3012865,TRUE,"PS3","Trail"
"Imagestoclassify","Q13__2023-01-27__11-25-59(1).JPG","BrendanAltingMLDP2023Images\Q13",2023-01-27 11:25:59,"false","false","false","false","false","Dingo","false","false",1,0,2023-01-27,"SLF1501",961127,TRUE,"Q13","Baited"
"Imagestoclassify","PS3__CamA__2023-01-27__20-02-37(1).JPG","BrendanAltingMLDP2023Images\PS3\CamA",2023-01-27 20:02:37,"false","true","false","false","false","Dingo","false","false",1,0,2023-01-27,"WTU2104",49365,TRUE,"PS3","Trail"
"Imagestoclassify","Q15__2023-01-28__06-21-09(1).JPG","BrendanAltingMLDP2023Images\Q15",2023-01-28 06:21:09,"false","false","false","false","false","Dingo","false","false",2,2,2023-01-28,"SLF1501",68084,TRUE,"Q15","Baited"
"Imagestoclassify","Q15__2023-01-28__06-21-18(16).JPG","BrendanAltingMLDP2023Images\Q15",2023-01-28 06:21:18,"false","false","false","false","false","Dingo","false","false",2,2,2023-01-28,"UOM2002",242178,TRUE,"Q15","Baited"
"Imagestoclassify","PS23__CamB__2023-01-28__10-51-56(1).JPG","BrendanAltingMLDP2023Images\PS23\CamB",2023-01-28 10:51:56,"false","true","false","false","false","Dingo","false","false",2,4,2023-01-28,"UOM2002",16229,TRUE,"PS23","Trail"
"Imagestoclassify","PS23__CamB__2023-01-28__10-52-07(8).JPG","BrendanAltingMLDP2023Images\PS23\CamB",2023-01-28 10:52:07,"false","true","false","false","false","Dingo","false","false",2,4,2023-01-28,"SLF1501",16251,TRUE,"PS23","Trail"
"Imagestoclassify","PS6__CamB__2023-01-28__17-50-42(1).JPG","BrendanAltingMLDP2023Images\PS6\CamB",2023-01-28 17:50:42,"false","true","false","false","false","Dingo","false","false",1,2,2023-01-28,"UOM2002",25098,TRUE,"PS6","Trail"
"Imagestoclassify","Q7__2023-01-28__19-09-58(1).JPG","BrendanAltingMLDP2023Images\Q7",2023-01-28 19:09:58,"false","false","false","false","false","Dingo","false","false",2,3,2023-01-28,"UOM2002",4750,TRUE,"Q7","Baited"
"Imagestoclassify","Q7__2023-01-28__19-12-00(1).JPG","BrendanAltingMLDP2023Images\Q7",2023-01-28 19:12:00,"false","false","false","false","false","Dingo","false","false",2,3,2023-01-28,"SLF1501",29966,TRUE,"Q7","Baited"
"Imagestoclassify","Q15__2023-01-29__05-03-05(1).JPG","BrendanAltingMLDP2023Images\Q15",2023-01-29 05:03:05,"false","false","false","false","false","Dingo","false","false",1,0,2023-01-29,"YGM2102",813185,TRUE,"Q15","Baited"
"Imagestoclassify","PS11__CamB__2023-01-29__07-02-20(1).JPG","BrendanAltingMLDP2023Images\PS11\CamB",2023-01-29 07:02:20,"false","true","false","false","false","Dingo","false","false",2,0,2023-01-29,"UOF1801",393546,TRUE,"PS11","Trail"
"Imagestoclassify","PS11__CamB__2023-01-29__07-02-40(7).JPG","BrendanAltingMLDP2023Images\PS11\CamB",2023-01-29 07:02:40,"false","true","false","false","false","Dingo","false","false",2,0,2023-01-29,"UOM2001",393611,TRUE,"PS11","Trail"
"Imagestoclassify","PS14__CamB__2023-01-29__08-15-25(1).JPG","BrendanAltingMLDP2023Images\PS14\CamB",2023-01-29 08:15:25,"false","true","false","false","false","Dingo","false","false",2,0,2023-01-29,"UOF1801",4329,TRUE,"PS14","Trail"
"Imagestoclassify","PS14__CamA__2023-01-29__08-15-41(1).JPG","BrendanAltingMLDP2023Images\PS14\CamA",2023-01-29 08:15:41,"false","true","false","false","false","Dingo","false","false",2,0,2023-01-29,"UOM2001",4324,TRUE,"PS14","Trail"
"Imagestoclassify","PS2__CamA__2023-01-30__06-28-46(1).JPG","BrendanAltingMLDP2023Images\PS2\CamA",2023-01-30 06:28:46,"false","true","false","false","false","Dingo","false","false",2,0,2023-01-30,"UOF1906",384561,TRUE,"PS2","Trail"
"Imagestoclassify","PS2__CamA__2023-01-30__06-29-02(1).JPG","BrendanAltingMLDP2023Images\PS2\CamA",2023-01-30 06:29:02,"false","true","false","false","false","Dingo","false","false",2,0,2023-01-30,"UOM1707",259752,TRUE,"PS2","Trail"
"Imagestoclassify","PS12__CamA__2023-01-31__08-01-58(1).JPG","BrendanAltingMLDP2023Images\PS12\CamA",2023-01-31 08:01:58,"false","true","false","false","false","Dingo","false","false",2,0,2023-01-31,"UOM2001",171482,TRUE,"PS12","Trail"
"Imagestoclassify","PS12__CamA__2023-01-31__08-01-59(3).JPG","BrendanAltingMLDP2023Images\PS12\CamA",2023-01-31 08:01:59,"false","true","false","false","false","Dingo","false","false",2,0,2023-01-31,"UOF1801",171467,TRUE,"PS12","Trail"
"Imagestoclassify","PS18__CamA__2023-01-31__08-09-21(1).JPG","BrendanAltingMLDP2023Images\PS18\CamA",2023-01-31 08:09:21,"false","true","false","false","false","Dingo","false","false",1,0,2023-01-31,"YGM2102",183955,TRUE,"PS18","Trail"
"Imagestoclassify","PS9__CamB__2023-01-31__09-09-03(1).JPG","BrendanAltingMLDP2023Images\PS9\CamB",2023-01-31 09:09:03,"false","true","false","false","false","Dingo","false","false",2,0,2023-01-31,"UOM2001",4006,TRUE,"PS9","Trail"
"Imagestoclassify","PS9__CamB__2023-01-31__09-09-06(4).JPG","BrendanAltingMLDP2023Images\PS9\CamB",2023-01-31 09:09:06,"false","true","false","false","false","Dingo","false","false",2,0,2023-01-31,"UOF1801",4007,TRUE,"PS9","Trail"
"Imagestoclassify","PS17__CamA__2023-01-31__09-13-39(1).JPG","BrendanAltingMLDP2023Images\PS17\CamA",2023-01-31 09:13:39,"false","true","false","false","false","Dingo","false","false",1,0,2023-01-31,"YGM2102",3844,TRUE,"PS17","Trail"
"Imagestoclassify","PS27__CamA__2023-02-01__07-14-28(1).JPG","BrendanAltingMLDP2023Images\PS27\CamA",2023-02-01 07:14:28,"false","true","false","false","false","Dingo","false","false",1,0,2023-02-01,"YGM2102",79195,TRUE,"PS27","Trail"
"Imagestoclassify","PS11__CamB__2023-02-01__07-17-50(1).JPG","BrendanAltingMLDP2023Images\PS11\CamB",2023-02-01 07:17:50,"false","true","false","false","false","Dingo","false","false",2,0,2023-02-01,"UOM2001",79722,TRUE,"PS11","Trail"
"Imagestoclassify","PS11__CamB__2023-02-01__07-17-53(5).JPG","BrendanAltingMLDP2023Images\PS11\CamB",2023-02-01 07:17:53,"false","true","false","false","false","Dingo","false","false",2,0,2023-02-01,"UOF1801",79722,TRUE,"PS11","Trail"
"Imagestoclassify","PS19__CamB__2023-02-01__07-29-10(1).JPG","BrendanAltingMLDP2023Images\PS19\CamB",2023-02-01 07:29:10,"false","true","false","false","false","Dingo","false","false",1,0,2023-02-01,"UOM2007",512721,TRUE,"PS19","Trail"
"Imagestoclassify","PS13__CamB__2023-02-01__08-12-35(1).JPG","BrendanAltingMLDP2023Images\PS13\CamB",2023-02-01 08:12:35,"false","true","false","false","false","Dingo","false","false",1,0,2023-02-01,"UOM2001",3228,TRUE,"PS13","Trail"
"Imagestoclassify","PS19__CamB__2023-02-01__08-13-14(1).JPG","BrendanAltingMLDP2023Images\PS19\CamB",2023-02-01 08:13:14,"false","true","false","false","false","Dingo","false","false",1,0,2023-02-01,"MBF1701",515374,TRUE,"PS19","Trail"
"Imagestoclassify","PS13__CamA__2023-02-01__08-13-30(7).JPG","BrendanAltingMLDP2023Images\PS13\CamA",2023-02-01 08:13:30,"false","true","false","false","false","Dingo","false","false",2,0,2023-02-01,"UOF1801",3279,TRUE,"PS13","Trail"
"Imagestoclassify","PS6__CamB__2023-02-01__09-47-14(12).JPG","BrendanAltingMLDP2023Images\PS6\CamB",2023-02-01 09:47:14,"false","true","false","false","false","Dingo","false","false",2,5,2023-02-01,"UOM2002",311744,TRUE,"PS6","Trail"
"Imagestoclassify","PS6__CamB__2023-02-01__09-47-16(15).JPG","BrendanAltingMLDP2023Images\PS6\CamB",2023-02-01 09:47:16,"false","true","false","false","false","Dingo","false","false",2,5,2023-02-01,"SLF1501",311651,TRUE,"PS6","Trail"
"Imagestoclassify","Q37__2023-02-01__09-54-36(1).JPG","BrendanAltingMLDP2023Images\Q37",2023-02-01 09:54:36,"false","false","false","false","false","Dingo","false","false",1,0,2023-02-01,"UOM2007",8703,TRUE,"Q37","Baited"
"Imagestoclassify","PS13__CamB__2023-02-01__10-15-17(1).JPG","BrendanAltingMLDP2023Images\PS13\CamB",2023-02-01 10:15:17,"false","true","false","false","false","Dingo","false","false",1,0,2023-02-01,"UOF1801",7305,TRUE,"PS13","Trail"
"Imagestoclassify","Q37__2023-02-01__10-30-45(1).JPG","BrendanAltingMLDP2023Images\Q37",2023-02-01 10:30:45,"false","false","false","false","false","Dingo","false","false",1,0,2023-02-01,"UOM2007",2168,TRUE,"Q37","Baited"
"Imagestoclassify","Q37__2023-02-01__10-30-45(2).JPG","BrendanAltingMLDP2023Images\Q37",2023-02-01 10:30:45,"false","false","false","false","false","Dingo","false","false",1,0,2023-02-01,"MBF1701",8229,TRUE,"Q37","Baited"
"Imagestoclassify","PS23__CamB__2023-02-01__10-32-05(1).JPG","BrendanAltingMLDP2023Images\PS23\CamB",2023-02-01 10:32:05,"false","true","false","false","false","Dingo","false","false",2,5,2023-02-01,"UOM2002",2659,TRUE,"PS23","Trail"
"Imagestoclassify","PS23__CamB__2023-02-01__10-32-06(3).JPG","BrendanAltingMLDP2023Images\PS23\CamB",2023-02-01 10:32:06,"false","true","false","false","false","Dingo","false","false",2,5,2023-02-01,"SLF1501",2659,TRUE,"PS23","Trail"
"Imagestoclassify","PS14__CamB__2023-02-01__12-11-42(1).JPG","BrendanAltingMLDP2023Images\PS14\CamB",2023-02-01 12:11:42,"false","true","false","false","false","Dingo","false","false",1,0,2023-02-01,"UOF1801",6943,TRUE,"PS14","Trail"
"Imagestoclassify","PS14__CamA__2023-02-01__18-32-02(1).JPG","BrendanAltingMLDP2023Images\PS14\CamA",2023-02-01 18:32:02,"false","true","false","false","false","Dingo","false","false",1,0,2023-02-01,"UOM2001",37115,TRUE,"PS14","Trail"
"Imagestoclassify","PS19__CamB__2023-02-01__19-16-58(1).JPG","BrendanAltingMLDP2023Images\PS19\CamB",2023-02-01 19:16:58,"false","true","false","false","false","Dingo","false","false",1,0,2023-02-01,"UOM2007",31573,TRUE,"PS19","Trail"
"Imagestoclassify","PS5__CamB__2023-02-03__10-23-21(2).JPG","BrendanAltingMLDP2023Images\PS5\CamB",2023-02-03 10:23:21,"false","true","false","false","false","Dingo","false","false",2,1,2023-02-03,"SLF1501",172254,TRUE,"PS5","Trail"
"Imagestoclassify","PS5__CamB__2023-02-03__10-23-30(7).JPG","BrendanAltingMLDP2023Images\PS5\CamB",2023-02-03 10:23:30,"false","true","false","false","false","Dingo","false","false",2,1,2023-02-03,"UOM2002",172265,TRUE,"PS5","Trail"
"Imagestoclassify","PS27__CamA__2023-02-03__18-13-38(1).JPG","BrendanAltingMLDP2023Images\PS27\CamA",2023-02-03 18:13:38,"false","true","false","false","false","Dingo","false","false",1,0,2023-02-03,"UOM2007",168962,TRUE,"PS27","Trail"
"Imagestoclassify","PS5__CamB__2023-02-03__20-05-11(1).JPG","BrendanAltingMLDP2023Images\PS5\CamB",2023-02-03 20:05:11,"false","true","false","false","false","Dingo","false","false",2,0,2023-02-03,"UOM2002",34890,TRUE,"PS5","Trail"
"Imagestoclassify","PS5__CamB__2023-02-03__20-05-49(7).JPG","BrendanAltingMLDP2023Images\PS5\CamB",2023-02-03 20:05:49,"false","true","false","false","false","Dingo","false","false",2,0,2023-02-03,"SLF1501",34938,TRUE,"PS5","Trail"
"Imagestoclassify","PS3__CamA__2023-02-05__19-15-59(1).JPG","BrendanAltingMLDP2023Images\PS3\CamA",2023-02-05 19:15:59,"false","true","false","false","false","Dingo","false","false",1,0,2023-02-05,"WTU2104",774797,TRUE,"PS3","Trail"
"Imagestoclassify","PS18__CamB__2023-02-05__21-56-23(1).JPG","BrendanAltingMLDP2023Images\PS18\CamB",2023-02-05 21:56:23,"false","true","false","false","false","Dingo","false","true",1,0,2023-02-05,"YGM2102",398514,TRUE,"PS18","Trail"
"Imagestoclassify","PS20__CamB__2023-02-06__09-07-09(1).JPG","BrendanAltingMLDP2023Images\PS20\CamB",2023-02-06 09:07:09,"false","true","false","false","false","Dingo","false","false",1,0,2023-02-06,"YGM2102",40244,TRUE,"PS20","Trail"
"Imagestoclassify","PS3__CamA__2023-02-06__09-29-45(1).JPG","BrendanAltingMLDP2023Images\PS3\CamA",2023-02-06 09:29:45,"false","true","false","false","false","Dingo","false","false",1,0,2023-02-06,"UOF1906",615657,TRUE,"PS3","Trail"
"Imagestoclassify","PS27__CamA__2023-02-06__13-02-27(1).JPG","BrendanAltingMLDP2023Images\PS27\CamA",2023-02-06 13:02:27,"false","true","false","false","false","Dingo","false","false",1,0,2023-02-06,"YGM2102",14077,TRUE,"PS27","Trail"
"Imagestoclassify","PS20__CamB__2023-02-07__01-29-11(1).JPG","BrendanAltingMLDP2023Images\PS20\CamB",2023-02-07 01:29:11,"false","true","false","false","false","Dingo","false","true",1,0,2023-02-07,"YGM2102",44803,TRUE,"PS20","Trail"
"Imagestoclassify","PS17__CamA__2023-02-07__02-24-07(1).JPG","BrendanAltingMLDP2023Images\PS17\CamA",2023-02-07 02:24:07,"false","true","false","false","false","Dingo","false","false",1,0,2023-02-07,"YGM2102",3259,TRUE,"PS17","Trail"
"Imagestoclassify","PS21__CamA__2023-02-07__06-38-48(1).JPG","BrendanAltingMLDP2023Images\PS21\CamA",2023-02-07 06:38:48,"false","true","false","false","false","Dingo","false","false",2,0,2023-02-07,"MBF1701",504482,TRUE,"PS21","Trail"
"Imagestoclassify","PS21__CamA__2023-02-07__06-39-19(1).JPG","BrendanAltingMLDP2023Images\PS21\CamA",2023-02-07 06:39:19,"false","true","false","false","false","Dingo","false","false",2,0,2023-02-07,"UOM2007",303940,TRUE,"PS21","Trail"
"Imagestoclassify","PS12__CamA__2023-02-07__06-40-35(1).JPG","BrendanAltingMLDP2023Images\PS12\CamA",2023-02-07 06:40:35,"false","true","false","false","false","Dingo","false","false",2,0,2023-02-07,"UOM2001",475712,TRUE,"PS12","Trail"
"Imagestoclassify","PS12__CamA__2023-02-07__06-40-39(4).JPG","BrendanAltingMLDP2023Images\PS12\CamA",2023-02-07 06:40:39,"false","true","false","false","false","Dingo","false","false",2,0,2023-02-07,"UOF1801",498529,TRUE,"PS12","Trail"
"Imagestoclassify","PS20__CamB__2023-02-07__09-25-35(1).JPG","BrendanAltingMLDP2023Images\PS20\CamB",2023-02-07 09:25:35,"false","true","false","false","false","Dingo","false","false",2,0,2023-02-07,"MBF1701",9975,TRUE,"PS20","Trail"
"Imagestoclassify","PS20__CamB__2023-02-07__09-25-55(7).JPG","BrendanAltingMLDP2023Images\PS20\CamB",2023-02-07 09:25:55,"false","true","false","false","false","Dingo","false","false",2,0,2023-02-07,"UOM2007",9949,TRUE,"PS20","Trail"
"Imagestoclassify","PS16__CamA__2023-02-08__08-34-17(1).JPG","BrendanAltingMLDP2023Images\PS16\CamA",2023-02-08 08:34:17,"false","true","false","false","false","Dingo","false","false",1,0,2023-02-08,"SLF2102",0,TRUE,"PS16","Trail"
"Imagestoclassify","PS13__CamB__2023-02-08__09-22-03(1).JPG","BrendanAltingMLDP2023Images\PS13\CamB",2023-02-08 09:22:03,"false","true","false","false","false","Dingo","false","false",1,0,2023-02-08,"UOM2001",96070,TRUE,"PS13","Trail"
"Imagestoclassify","PS13__CamA__2023-02-08__09-23-04(1).JPG","BrendanAltingMLDP2023Images\PS13\CamA",2023-02-08 09:23:04,"false","true","false","false","false","Dingo","false","false",2,0,2023-02-08,"UOF1801",96128,TRUE,"PS13","Trail"
"Imagestoclassify","PS3__CamB__2023-02-08__11-39-06(1).JPG","BrendanAltingMLDP2023Images\PS3\CamB",2023-02-08 11:39:06,"false","true","false","false","false","Dingo","false","false",2,0,2023-02-08,"UOM1707",796203,TRUE,"PS3","Trail"
"Imagestoclassify","PS3__CamB__2023-02-08__11-41-52(1).JPG","BrendanAltingMLDP2023Images\PS3\CamB",2023-02-08 11:41:52,"false","true","false","false","false","Dingo","false","false",2,0,2023-02-08,"UOF1906",180724,TRUE,"PS3","Trail"
"Imagestoclassify","PS15__CamB__2023-02-08__12-41-43(1).JPG","BrendanAltingMLDP2023Images\PS15\CamB",2023-02-08 12:41:43,"false","true","false","false","false","Dingo","false","false",1,0,2023-02-08,"SLF2102",14845,TRUE,"PS15","Trail"
"Imagestoclassify","PS11__CamB__2023-02-08__15-38-18(1).JPG","BrendanAltingMLDP2023Images\PS11\CamB",2023-02-08 15:38:18,"false","true","false","false","false","Dingo","false","false",1,0,2023-02-08,"UOF1801",22513,TRUE,"PS11","Trail"
"Imagestoclassify","PS11__CamA__2023-02-08__15-38-39(1).JPG","BrendanAltingMLDP2023Images\PS11\CamA",2023-02-08 15:38:39,"false","true","false","false","false","Dingo","false","false",2,0,2023-02-08,"UOM2001",22544,TRUE,"PS11","Trail"
"Imagestoclassify","PS18__CamB__2023-02-08__18-07-38(1).JPG","BrendanAltingMLDP2023Images\PS18\CamB",2023-02-08 18:07:38,"false","true","false","false","false","Dingo","false","false",1,0,2023-02-08,"SLF2102",19522,TRUE,"PS18","Trail"
"Imagestoclassify","PS2__CamB__2023-02-08__19-12-23(1).JPG","BrendanAltingMLDP2023Images\PS2\CamB",2023-02-08 19:12:23,"false","true","false","false","false","Dingo","false","false",1,0,2023-02-08,"WTU2104",258982,TRUE,"PS2","Trail"
"Imagestoclassify","PS3__CamA__2023-02-08__19-36-05(1).JPG","BrendanAltingMLDP2023Images\PS3\CamA",2023-02-08 19:36:05,"false","true","false","false","false","Dingo","false","false",2,0,2023-02-08,"UOF1906",28429,TRUE,"PS3","Trail"
"Imagestoclassify","PS3__CamA__2023-02-08__19-36-34(4).JPG","BrendanAltingMLDP2023Images\PS3\CamA",2023-02-08 19:36:34,"false","true","false","false","false","Dingo","false","false",2,0,2023-02-08,"UOM1707",28436,TRUE,"PS3","Trail"
"Imagestoclassify","PS19__CamB__2023-02-08__22-08-00(1).JPG","BrendanAltingMLDP2023Images\PS19\CamB",2023-02-08 22:08:00,"false","true","false","false","false","Dingo","false","true",1,0,2023-02-08,"YGM2102",157373,TRUE,"PS19","Trail"
"Imagestoclassify","PS19__CamB__2023-02-09__06-55-42(1).JPG","BrendanAltingMLDP2023Images\PS19\CamB",2023-02-09 06:55:42,"false","true","false","false","false","Dingo","false","false",1,0,2023-02-09,"MBF1701",163766,TRUE,"PS19","Trail"
"Imagestoclassify","PS2__CamA__2023-02-10__11-46-38(1).JPG","BrendanAltingMLDP2023Images\PS2\CamA",2023-02-10 11:46:38,"false","true","false","false","false","Dingo","false","false",1,0,2023-02-10,"WTU2105",2527180,TRUE,"PS2","Trail"
"Imagestoclassify","PS2__CamB__2023-02-12__13-28-56(1).JPG","BrendanAltingMLDP2023Images\PS2\CamB",2023-02-12 13:28:56,"false","true","false","false","false","Dingo","false","false",1,0,2023-02-12,"UOF2009",1555570,TRUE,"PS2","Trail"
"Imagestoclassify","PS2__CamB__2023-02-12__19-28-14(1).JPG","BrendanAltingMLDP2023Images\PS2\CamB",2023-02-12 19:28:14,"false","true","false","false","false","Dingo","false","false",2,0,2023-02-12,"UOF1906",345123,TRUE,"PS2","Trail"
"Imagestoclassify","PS2__CamB__2023-02-12__19-28-33(16).JPG","BrendanAltingMLDP2023Images\PS2\CamB",2023-02-12 19:28:33,"false","true","false","false","false","Dingo","false","false",2,0,2023-02-12,"UOM1707",345116,TRUE,"PS2","Trail"
"Imagestoclassify","PS19__CamB__2023-02-13__06-29-00(1).JPG","BrendanAltingMLDP2023Images\PS19\CamB",2023-02-13 06:29:00,"false","true","false","false","false","Dingo","false","false",1,0,2023-02-13,"YGM2102",375639,TRUE,"PS19","Trail"
"Imagestoclassify","PS27__CamA__2023-02-13__08-03-25(1).JPG","BrendanAltingMLDP2023Images\PS27\CamA",2023-02-13 08:03:25,"false","true","false","false","false","Dingo","false","true",1,0,2023-02-13,"YGM2102",5643,TRUE,"PS27","Trail"
"Imagestoclassify","PS11__CamB__2023-02-13__08-18-59(1).JPG","BrendanAltingMLDP2023Images\PS11\CamB",2023-02-13 08:18:59,"false","true","false","false","false","Dingo","false","false",2,0,2023-02-13,"UOF1801",405605,TRUE,"PS11","Trail"
"Imagestoclassify","PS11__CamB__2023-02-13__08-19-03(2).JPG","BrendanAltingMLDP2023Images\PS11\CamB",2023-02-13 08:19:03,"false","true","false","false","false","Dingo","false","false",2,0,2023-02-13,"UOM2001",405623,TRUE,"PS11","Trail"
"Imagestoclassify","PS1__CamA__2023-02-13__17-35-24(1).JPG","BrendanAltingMLDP2023Images\PS1\CamA",2023-02-13 17:35:24,"false","true","false","false","false","Dingo","false","false",2,0,2023-02-13,"UOM2004",1940075,TRUE,"PS1","Trail"
"Imagestoclassify","PS1__CamA__2023-02-13__17-35-38(4).JPG","BrendanAltingMLDP2023Images\PS1\CamA",2023-02-13 17:35:38,"false","true","false","false","false","Dingo","false","false",2,0,2023-02-13,"UOF1709",1940052,TRUE,"PS1","Trail"
"Imagestoclassify","Q37__2023-02-13__20-50-50(1).JPG","BrendanAltingMLDP2023Images\Q37",2023-02-13 20:50:50,"false","false","false","false","false","Dingo","false","false",1,0,2023-02-13,"YGM2102",46044,TRUE,"Q37","Baited"
"Imagestoclassify","PS18__CamA__2023-02-13__23-56-53(1).JPG","BrendanAltingMLDP2023Images\PS18\CamA",2023-02-13 23:56:53,"false","true","false","false","false","Dingo","false","true",1,0,2023-02-13,"YGM2102",11104,TRUE,"PS18","Trail"
"Imagestoclassify","PS21__CamA__2023-02-14__07-57-51(1).JPG","BrendanAltingMLDP2023Images\PS21\CamA",2023-02-14 07:57:51,"false","true","false","false","false","Dingo","false","false",2,0,2023-02-14,"MBF1701",435707,TRUE,"PS21","Trail"
"Imagestoclassify","PS21__CamA__2023-02-14__07-57-58(8).JPG","BrendanAltingMLDP2023Images\PS21\CamA",2023-02-14 07:57:58,"false","true","false","false","false","Dingo","false","false",2,0,2023-02-14,"UOM2007",599482,TRUE,"PS21","Trail"
"Imagestoclassify","PS6__CamB__2023-02-14__19-03-00(1).JPG","BrendanAltingMLDP2023Images\PS6\CamB",2023-02-14 19:03:00,"false","true","false","false","false","Dingo","false","false",1,1,2023-02-14,"SLF2105",2543770,TRUE,"PS6","Trail"
"Imagestoclassify","PS19__CamB__2023-02-16__06-23-14(1).JPG","BrendanAltingMLDP2023Images\PS19\CamB",2023-02-16 06:23:14,"false","true","false","false","false","Dingo","false","false",1,0,2023-02-16,"UOM2007",166805,TRUE,"PS19","Trail"
"Imagestoclassify","Q17__2023-02-16__08-01-34(1).JPG","BrendanAltingMLDP2023Images\Q17",2023-02-16 08:01:34,"false","false","false","false","false","Dingo","false","false",2,0,2023-02-16,"UOF1801",258102,TRUE,"Q17","Baited"
"Imagestoclassify","Q17__2023-02-16__08-01-47(26).JPG","BrendanAltingMLDP2023Images\Q17",2023-02-16 08:01:47,"false","false","false","false","false","Dingo","false","false",2,0,2023-02-16,"UOM2001",258108,TRUE,"Q17","Baited"
"Imagestoclassify","PS23__CamB__2023-02-17__07-26-28(1).JPG","BrendanAltingMLDP2023Images\PS23\CamB",2023-02-17 07:26:28,"false","true","false","false","false","Dingo","false","false",2,2,2023-02-17,"SLF1501",1164008,TRUE,"PS23","Trail"
"Imagestoclassify","Q11__2023-02-17__07-44-56(1).JPG","BrendanAltingMLDP2023Images\Q11",2023-02-17 07:44:56,"false","false","false","false","false","Dingo","false","false",2,2,2023-02-17,"UOM2002",1165155,TRUE,"Q11","Baited"
"Imagestoclassify","Q11__2023-02-17__07-45-00(1).JPG","BrendanAltingMLDP2023Images\Q11",2023-02-17 07:45:00,"false","false","false","false","false","Dingo","false","false",2,2,2023-02-17,"SLF1501",1085,TRUE,"Q11","Baited"
"Imagestoclassify","PS19__CamB__2023-02-17__21-52-00(1).JPG","BrendanAltingMLDP2023Images\PS19\CamB",2023-02-17 21:52:00,"false","true","false","false","false","Dingo","false","true",1,0,2023-02-17,"YGM2102",338074,TRUE,"PS19","Trail"
"Imagestoclassify","PS17__CamA__2023-02-17__22-29-01(1).JPG","BrendanAltingMLDP2023Images\PS17\CamA",2023-02-17 22:29:01,"false","true","false","false","false","Dingo","false","false",1,0,2023-02-17,"YGM2102",2199,TRUE,"PS17","Trail"
"Imagestoclassify","PS15__CamB__2023-02-17__23-49-52(1).JPG","BrendanAltingMLDP2023Images\PS15\CamB",2023-02-17 23:49:52,"false","true","false","false","false","Dingo","false","true",1,0,2023-02-17,"YGM2102",4789,TRUE,"PS15","Trail"
"Imagestoclassify","PS11__CamB__2023-02-18__07-04-56(1).JPG","BrendanAltingMLDP2023Images\PS11\CamB",2023-02-18 07:04:56,"false","true","false","false","false","Dingo","false","false",1,0,2023-02-18,"YGM2102",26067,TRUE,"PS11","Trail"
"Imagestoclassify","PS23__CamA__2023-02-18__07-39-31(7).JPG","BrendanAltingMLDP2023Images\PS23\CamA",2023-02-18 07:39:31,"false","true","false","false","false","Dingo","false","false",1,2,2023-02-18,"SLF1501",86028,TRUE,"PS23","Trail"
"Imagestoclassify","PS13__CamB__2023-02-18__08-21-45(1).JPG","BrendanAltingMLDP2023Images\PS13\CamB",2023-02-18 08:21:45,"false","true","false","false","false","Dingo","false","false",1,0,2023-02-18,"UOF1801",174000,TRUE,"PS13","Trail"
"Imagestoclassify","PS3__CamB__2023-02-18__08-31-42(1).JPG","BrendanAltingMLDP2023Images\PS3\CamB",2023-02-18 08:31:42,"false","true","false","false","false","Dingo","false","false",1,0,2023-02-18,"JBU2101",0,TRUE,"PS3","Trail"
"Imagestoclassify","PS13__CamB__2023-02-19__06-28-05(2).JPG","BrendanAltingMLDP2023Images\PS13\CamB",2023-02-19 06:28:05,"false","true","false","false","false","Dingo","false","false",2,0,2023-02-19,"UOF1801",79528,TRUE,"PS13","Trail"
"Imagestoclassify","PS13__CamB__2023-02-19__06-29-01(1).JPG","BrendanAltingMLDP2023Images\PS13\CamB",2023-02-19 06:29:01,"false","true","false","false","false","Dingo","false","false",2,0,2023-02-19,"UOM2001",253621,TRUE,"PS13","Trail"
"Imagestoclassify","PS11__CamB__2023-02-19__07-39-54(1).JPG","BrendanAltingMLDP2023Images\PS11\CamB",2023-02-19 07:39:54,"false","true","false","false","false","Dingo","false","false",2,0,2023-02-19,"UOF1801",4265,TRUE,"PS11","Trail"
"Imagestoclassify","PS11__CamB__2023-02-19__07-41-37(1).JPG","BrendanAltingMLDP2023Images\PS11\CamB",2023-02-19 07:41:37,"false","true","false","false","false","Dingo","false","false",2,0,2023-02-19,"UOM2001",4313,TRUE,"PS11","Trail"
"Imagestoclassify","PS21__CamA__2023-02-19__07-55-18(1).JPG","BrendanAltingMLDP2023Images\PS21\CamA",2023-02-19 07:55:18,"false","true","false","false","false","Dingo","false","false",2,3,2023-02-19,"UOM2007",264686,TRUE,"PS21","Trail"
"Imagestoclassify","PS21__CamA__2023-02-19__07-55-34(12).JPG","BrendanAltingMLDP2023Images\PS21\CamA",2023-02-19 07:55:34,"false","true","false","false","false","Dingo","false","false",2,3,2023-02-19,"MBF1701",431825,TRUE,"PS21","Trail"
"Imagestoclassify","PS27__CamA__2023-02-19__16-58-34(1).JPG","BrendanAltingMLDP2023Images\PS27\CamA",2023-02-19 16:58:34,"false","true","false","false","false","Dingo","false","false",1,0,2023-02-19,"UOM2007",32522,TRUE,"PS27","Trail"
"Imagestoclassify","PS9__CamB__2023-02-21__06-22-48(1).JPG","BrendanAltingMLDP2023Images\PS9\CamB",2023-02-21 06:22:48,"false","true","false","false","false","Dingo","false","false",2,0,2023-02-21,"UOM2001",168033,TRUE,"PS9","Trail"
"Imagestoclassify","PS9__CamB__2023-02-21__06-22-52(4).JPG","BrendanAltingMLDP2023Images\PS9\CamB",2023-02-21 06:22:52,"false","true","false","false","false","Dingo","false","false",2,0,2023-02-21,"UOF1801",168140,TRUE,"PS9","Trail"
"Imagestoclassify","PS6__CamB__2023-02-21__19-44-32(1).JPG","BrendanAltingMLDP2023Images\PS6\CamB",2023-02-21 19:44:32,"false","true","false","false","false","Dingo","false","true",1,0,2023-02-21,"UOM2002",388773,TRUE,"PS6","Trail"
"Imagestoclassify","PS6__CamB__2023-02-22__08-42-59(1).JPG","BrendanAltingMLDP2023Images\PS6\CamB",2023-02-22 08:42:59,"false","true","false","false","false","Dingo","false","false",2,1,2023-02-22,"UOM2002",46706,TRUE,"PS6","Trail"
"Imagestoclassify","PS6__CamB__2023-02-22__08-43-07(8).JPG","BrendanAltingMLDP2023Images\PS6\CamB",2023-02-22 08:43:07,"false","true","false","false","false","Dingo","false","false",2,1,2023-02-22,"SLF1501",349416,TRUE,"PS6","Trail"
"Imagestoclassify","Q11__2023-02-22__09-07-16(1).JPG","BrendanAltingMLDP2023Images\Q11",2023-02-22 09:07:16,"false","false","false","false","false","Dingo","false","false",1,0,2023-02-22,"UOM2002",1456,TRUE,"Q11","Baited"
"Imagestoclassify","PS3__CamB__2023-02-23__12-47-09(1).JPG","BrendanAltingMLDP2023Images\PS3\CamB",2023-02-23 12:47:09,"false","true","false","false","false","Dingo","false","false",1,0,2023-02-23,"WTU2102",0,TRUE,"PS3","Trail"
"Imagestoclassify","PS13__CamB__2023-02-24__06-47-58(1).JPG","BrendanAltingMLDP2023Images\PS13\CamB",2023-02-24 06:47:58,"false","true","false","false","false","Dingo","false","false",1,0,2023-02-24,"UOF1801",260702,TRUE,"PS13","Trail"
"Imagestoclassify","PS20__CamB__2023-02-24__06-50-40(1).JPG","BrendanAltingMLDP2023Images\PS20\CamB",2023-02-24 06:50:40,"false","true","false","false","false","Dingo","false","false",1,0,2023-02-24,"UOM2012",3078401,TRUE,"PS20","Trail"
"Imagestoclassify","PS11__CamA__2023-02-24__07-22-27(1).JPG","BrendanAltingMLDP2023Images\PS11\CamA",2023-02-24 07:22:27,"false","true","false","false","false","Dingo","false","false",1,0,2023-02-24,"UOM2001",262775,TRUE,"PS11","Trail"
"Imagestoclassify","PS2__CamB__2023-02-24__08-12-23(1).JPG","BrendanAltingMLDP2023Images\PS2\CamB",2023-02-24 08:12:23,"false","true","false","false","false","Dingo","false","false",1,0,2023-02-24,"WTU2104",1342744,TRUE,"PS2","Trail"
"Imagestoclassify","PS2__CamB__2023-02-24__10-34-18(1).JPG","BrendanAltingMLDP2023Images\PS2\CamB",2023-02-24 10:34:18,"false","true","false","false","false","Dingo","false","false",1,0,2023-02-24,"JBU2101",525755,TRUE,"PS2","Trail"
"Imagestoclassify","PS21__CamB__2023-02-24__15-12-36(1).JPG","BrendanAltingMLDP2023Images\PS21\CamB",2023-02-24 15:12:36,"false","true","false","false","false","Dingo","false","false",1,0,2023-02-24,"UOM2007",425636,TRUE,"PS21","Trail"
"Imagestoclassify","Q5__2023-02-24__17-47-31(1).JPG","BrendanAltingMLDP2023Images\Q5",2023-02-24 17:47:31,"false","false","false","false","false","Dingo","false","false",2,3,2023-02-24,"UOM2002",203991,TRUE,"Q5","Baited"
"Imagestoclassify","Q5__2023-02-24__17-47-54(47).JPG","BrendanAltingMLDP2023Images\Q5",2023-02-24 17:47:54,"false","false","false","false","false","Dingo","false","false",2,3,2023-02-24,"SLF1501",205485,TRUE,"Q5","Baited"
"Imagestoclassify","PS3__CamB__2023-02-24__19-01-26(1).JPG","BrendanAltingMLDP2023Images\PS3\CamB",2023-02-24 19:01:26,"false","true","false","false","false","Dingo","false","false",1,0,2023-02-24,"UOF1906",1035118,TRUE,"PS3","Trail"
"Imagestoclassify","PS19__CamB__2023-02-26__06-42-59(1).JPG","BrendanAltingMLDP2023Images\PS19\CamB",2023-02-26 06:42:59,"false","true","false","false","false","Dingo","false","false",1,0,2023-02-26,"MBF1701",600356,TRUE,"PS19","Trail"
"Imagestoclassify","PS6__CamB__2023-02-26__09-08-07(1).JPG","BrendanAltingMLDP2023Images\PS6\CamB",2023-02-26 09:08:07,"false","true","false","false","false","Dingo","false","true",1,0,2023-02-26,"SLF2105",1001107,TRUE,"PS6","Trail"
"Imagestoclassify","Q1__2023-02-26__09-46-36(1).JPG","BrendanAltingMLDP2023Images\Q1",2023-02-26 09:46:36,"false","false","false","false","false","Dingo","false","false",2,0,2023-02-26,"UOM2008",3771015,TRUE,"Q1","Baited"
"Imagestoclassify","Q1__2023-02-26__09-47-16(33).JPG","BrendanAltingMLDP2023Images\Q1",2023-02-26 09:47:16,"false","false","false","false","false","Dingo","false","false",2,0,2023-02-26,"UOF2101",2670233,TRUE,"Q1","Baited"
"Imagestoclassify","PS9__CamB__2023-02-26__13-08-43(1).JPG","BrendanAltingMLDP2023Images\PS9\CamB",2023-02-26 13:08:43,"false","true","false","false","false","Dingo","false","false",2,0,2023-02-26,"UOM2001",193574,TRUE,"PS9","Trail"
"Imagestoclassify","PS9__CamB__2023-02-26__13-08-50(10).JPG","BrendanAltingMLDP2023Images\PS9\CamB",2023-02-26 13:08:50,"false","true","false","false","false","Dingo","false","false",2,0,2023-02-26,"UOF1801",195597,TRUE,"PS9","Trail"
"Imagestoclassify","PS2__CamB__2023-02-26__15-55-22(1).JPG","BrendanAltingMLDP2023Images\PS2\CamB",2023-02-26 15:55:22,"false","true","false","false","false","Dingo","false","false",2,0,2023-02-26,"WTU2105",1397320,TRUE,"PS2","Trail"
"Imagestoclassify","PS2__CamB__2023-02-26__16-26-02(1).JPG","BrendanAltingMLDP2023Images\PS2\CamB",2023-02-26 16:26:02,"false","true","false","false","false","Dingo","false","false",2,0,2023-02-26,"WTU2105",1759,TRUE,"PS2","Trail"
"Imagestoclassify","PS2__CamB__2023-02-27__11-37-00(1).JPG","BrendanAltingMLDP2023Images\PS2\CamB",2023-02-27 11:37:00,"false","true","false","false","false","Dingo","false","false",1,0,2023-02-27,"WTU2104",271419,TRUE,"PS2","Trail"
"Imagestoclassify","PS2__CamB__2023-02-27__18-14-19(1).JPG","BrendanAltingMLDP2023Images\PS2\CamB",2023-02-27 18:14:19,"false","true","false","false","false","Dingo","false","false",2,0,2023-02-27,"UOF2009",1313066,TRUE,"PS2","Trail"
"Imagestoclassify","PS2__CamB__2023-02-27__18-14-20(3).JPG","BrendanAltingMLDP2023Images\PS2\CamB",2023-02-27 18:14:20,"false","true","false","false","false","Dingo","false","false",2,0,2023-02-27,"UOM2008",116825,TRUE,"PS2","Trail"
"Imagestoclassify","PS23__CamB__2023-02-27__18-42-19(1).JPG","BrendanAltingMLDP2023Images\PS23\CamB",2023-02-27 18:42:19,"false","true","false","false","false","Dingo","true","false",1,2,2023-02-27,"SLF1501",262463,TRUE,"PS23","Trail"
"Imagestoclassify","PS21__CamB__2023-02-28__07-06-05(1).JPG","BrendanAltingMLDP2023Images\PS21\CamB",2023-02-28 07:06:05,"false","true","false","false","false","Dingo","false","false",1,0,2023-02-28,"MBF1701",174163,TRUE,"PS21","Trail"
"Imagestoclassify","Q24__2023-02-28__18-17-55(1).JPG","BrendanAltingMLDP2023Images\Q24",2023-02-28 18:17:55,"false","false","false","false","false","Dingo","false","false",1,0,2023-02-28,"UOF1801",191337,TRUE,"Q24","Baited"
"Imagestoclassify","PS2__CamB__2023-02-28__18-20-54(1).JPG","BrendanAltingMLDP2023Images\PS2\CamB",2023-02-28 18:20:54,"false","true","false","false","false","Dingo","false","false",2,0,2023-02-28,"UOM1707",1378283,TRUE,"PS2","Trail"
"Imagestoclassify","PS2__CamB__2023-02-28__18-21-05(1).JPG","BrendanAltingMLDP2023Images\PS2\CamB",2023-02-28 18:21:05,"false","true","false","false","false","Dingo","false","false",2,0,2023-02-28,"UOF1906",342090,TRUE,"PS2","Trail"
"Imagestoclassify","PS13__CamB__2023-02-28__19-34-27(1).JPG","BrendanAltingMLDP2023Images\PS13\CamB",2023-02-28 19:34:27,"false","true","false","false","false","Dingo","false","true",2,0,2023-02-28,"UOM2001",195936,TRUE,"PS13","Trail"
"Imagestoclassify","PS13__CamB__2023-02-28__19-34-41(4).JPG","BrendanAltingMLDP2023Images\PS13\CamB",2023-02-28 19:34:41,"false","true","false","false","false","Dingo","false","false",2,0,2023-02-28,"UOF1801",4481,TRUE,"PS13","Trail"
"Imagestoclassify","PS3__CamB__2023-03-01__07-04-25(1).JPG","BrendanAltingMLDP2023Images\PS3\CamB",2023-03-01 07:04:25,"false","true","false","false","false","Dingo","false","false",1,0,2023-03-01,"UOM1707",45756,TRUE,"PS3","Trail"
"Imagestoclassify","PS2__CamB__2023-03-01__08-52-25(1).JPG","BrendanAltingMLDP2023Images\PS2\CamB",2023-03-01 08:52:25,"false","true","false","false","false","Dingo","false","false",1,0,2023-03-01,"WTU2104",162868,TRUE,"PS2","Trail"
"Imagestoclassify","PS13__CamA__2023-03-02__06-27-14(6).JPG","BrendanAltingMLDP2023Images\PS13\CamA",2023-03-02 06:27:14,"false","true","false","false","false","Dingo","false","true",2,0,2023-03-02,"UOF1801",125497,TRUE,"PS13","Trail"
"Imagestoclassify","PS2__CamA__2023-03-02__06-33-02(1).JPG","BrendanAltingMLDP2023Images\PS2\CamA",2023-03-02 06:33:02,"false","true","false","false","false","Dingo","false","true",2,0,2023-03-02,"UOF2009",217068,TRUE,"PS2","Trail"
"Imagestoclassify","PS2__CamB__2023-03-02__18-32-50(1).JPG","BrendanAltingMLDP2023Images\PS2\CamB",2023-03-02 18:32:50,"false","true","false","false","false","Dingo","false","false",1,0,2023-03-02,"WTU2104",121167,TRUE,"PS2","Trail"
"Imagestoclassify","PS19__CamB__2023-03-02__19-04-16(1).JPG","BrendanAltingMLDP2023Images\PS19\CamB",2023-03-02 19:04:16,"false","true","false","false","false","Dingo","false","false",1,0,2023-03-02,"UOM2007",532298,TRUE,"PS19","Trail"
"Imagestoclassify","PS2__CamB__2023-03-03__06-52-46(1).JPG","BrendanAltingMLDP2023Images\PS2\CamB",2023-03-03 06:52:46,"false","true","false","false","false","Dingo","false","false",1,0,2023-03-03,"WTU2104",44340,TRUE,"PS2","Trail"
"Imagestoclassify","PS2__CamB__2023-03-03__16-56-12(1).JPG","BrendanAltingMLDP2023Images\PS2\CamB",2023-03-03 16:56:12,"false","true","false","false","false","Dingo","false","false",1,0,2023-03-03,"WTU2104",36150,TRUE,"PS2","Trail"
"Imagestoclassify","PS3__CamB__2023-03-03__17-50-51(1).JPG","BrendanAltingMLDP2023Images\PS3\CamB",2023-03-03 17:50:51,"false","true","false","false","false","Dingo","false","false",1,0,2023-03-03,"WTU2105",437032,TRUE,"PS3","Trail"
"Imagestoclassify","PS21__CamB__2023-03-04__05-21-57(1).JPG","BrendanAltingMLDP2023Images\PS21\CamB",2023-03-04 05:21:57,"false","true","false","false","false","Dingo","false","true",1,0,2023-03-04,"UOM2007",123422,TRUE,"PS21","Trail"
"Imagestoclassify","PS2__CamB__2023-03-04__15-39-40(1).JPG","BrendanAltingMLDP2023Images\PS2\CamB",2023-03-04 15:39:40,"false","true","false","false","false","Dingo","false","false",1,0,2023-03-04,"UOF2009",205596,TRUE,"PS2","Trail"
"Imagestoclassify","PS2__CamB__2023-03-04__15-39-43(4).JPG","BrendanAltingMLDP2023Images\PS2\CamB",2023-03-04 15:39:43,"false","true","false","false","false","Dingo","false","false",2,0,2023-03-04,"UOM2008",422668,TRUE,"PS2","Trail"
"Imagestoclassify","PS20__CamB__2023-03-05__06-43-17(7).JPG","BrendanAltingMLDP2023Images\PS20\CamB",2023-03-05 06:43:17,"false","true","false","false","false","Dingo","false","false",2,3,2023-03-05,"UOF2013",0,TRUE,"PS20","Trail"
"Imagestoclassify","PS20__CamB__2023-03-05__06-43-28(10).JPG","BrendanAltingMLDP2023Images\PS20\CamB",2023-03-05 06:43:28,"false","true","false","false","false","Dingo","false","false",2,3,2023-03-05,"UOM2012",777166,TRUE,"PS20","Trail"
"Imagestoclassify","PS20__CamA__2023-03-05__06-44-13(11).JPG","BrendanAltingMLDP2023Images\PS20\CamA",2023-03-05 06:44:13,"false","true","false","false","false","Dingo","false","false",2,3,2023-03-05,"UOM2007",91333,TRUE,"PS20","Trail"
"Imagestoclassify","PS2__CamB__2023-03-05__07-13-33(1).JPG","BrendanAltingMLDP2023Images\PS2\CamB",2023-03-05 07:13:33,"false","true","false","false","false","Dingo","false","false",2,1,2023-03-05,"UOM1707",346141,TRUE,"PS2","Trail"
"Imagestoclassify","PS2__CamB__2023-03-05__07-13-42(7).JPG","BrendanAltingMLDP2023Images\PS2\CamB",2023-03-05 07:13:42,"false","true","false","false","false","Dingo","false","false",2,1,2023-03-05,"UOF1906",391901,TRUE,"PS2","Trail"
"Imagestoclassify","PS3__CamB__2023-03-05__08-49-36(1).JPG","BrendanAltingMLDP2023Images\PS3\CamB",2023-03-05 08:49:36,"false","true","false","false","false","Dingo","false","false",1,0,2023-03-05,"WTU2105",140311,TRUE,"PS3","Trail"
"Imagestoclassify","PS2__CamB__2023-03-05__17-59-34(1).JPG","BrendanAltingMLDP2023Images\PS2\CamB",2023-03-05 17:59:34,"false","true","false","false","false","Dingo","false","false",1,0,2023-03-05,"WTU2104",176547,TRUE,"PS2","Trail"
"Imagestoclassify","PS3__CamA__2023-03-05__18-29-14(1).JPG","BrendanAltingMLDP2023Images\PS3\CamA",2023-03-05 18:29:14,"false","true","false","false","false","Dingo","false","false",1,0,2023-03-05,"WTU2105",34765,TRUE,"PS3","Trail"
"Imagestoclassify","PS2__CamB__2023-03-05__18-48-25(1).JPG","BrendanAltingMLDP2023Images\PS2\CamB",2023-03-05 18:48:25,"false","true","false","false","false","Dingo","false","false",1,0,2023-03-05,"WTU2104",2874,TRUE,"PS2","Trail"
"Imagestoclassify","PS23__CamA__2023-03-05__20-36-57(1).JPG","BrendanAltingMLDP2023Images\PS23\CamA",2023-03-05 20:36:57,"false","true","false","false","false","Dingo","false","true",2,0,2023-03-05,"UOM2002",787736,TRUE,"PS23","Trail"
"Imagestoclassify","PS23__CamA__2023-03-05__20-37-07(2).JPG","BrendanAltingMLDP2023Images\PS23\CamA",2023-03-05 20:37:07,"false","true","false","false","false","Dingo","false","true",2,0,2023-03-05,"SLF1501",525263,TRUE,"PS23","Trail"
"Imagestoclassify","PS13__CamB__2023-03-06__06-47-20(1).JPG","BrendanAltingMLDP2023Images\PS13\CamB",2023-03-06 06:47:20,"false","true","false","false","false","Dingo","false","false",2,0,2023-03-06,"UOM2001",472316,TRUE,"PS13","Trail"
"Imagestoclassify","PS13__CamB__2023-03-06__06-47-30(4).JPG","BrendanAltingMLDP2023Images\PS13\CamB",2023-03-06 06:47:30,"false","true","false","false","false","Dingo","false","false",2,0,2023-03-06,"UOF1801",346797,TRUE,"PS13","Trail"
"Imagestoclassify","PS2__CamB__2023-03-06__07-05-10(1).JPG","BrendanAltingMLDP2023Images\PS2\CamB",2023-03-06 07:05:10,"false","true","false","false","false","Dingo","false","false",1,0,2023-03-06,"WTU2104",44150,TRUE,"PS2","Trail"
"Imagestoclassify","PS26__CamA__2023-03-06__08-49-17(1).JPG","BrendanAltingMLDP2023Images\PS26\CamA",2023-03-06 08:49:17,"false","true","false","false","false","Dingo","false","false",1,1,2023-03-06,"SLF2105",690035,TRUE,"PS26","Trail"
